﻿<?xml version="1.0" encoding="utf-8" standalone="no"?>
<strutture>
  <CATEGORIA_serietv nome="Default">
    <AR_Numerazione>
      <NumerazioneStile>5</NumerazioneStile>
      <NumerazionePrefisso>()</NumerazionePrefisso>
    </AR_Numerazione>
    <STD_Separatore>
      <SeparatoreCarattere>-</SeparatoreCarattere>
    </STD_Separatore>
    <AR_TitoloSerieTv />
    <STD_Separatore />
    <AR_TitoloEpisodio />
  </CATEGORIA_serietv>
  <CATEGORIA_video nome="Default">
    <AR_NomeDelFile />
  </CATEGORIA_video>
  <CATEGORIA_audio nome="Default">
    <MI_AudioTagNumero>
      <NumerazioneStile>1</NumerazioneStile>
    </MI_AudioTagNumero>
    <STD_Separatore />
    <MI_AudioTagAlbum />
    <STD_Separatore />
    <MI_AudioTagTitolo />
  </CATEGORIA_audio>
  <CATEGORIA_immagini nome="Default">
    <AR_Numerazione>
      <NumerazioneStile>1</NumerazioneStile>
    </AR_Numerazione>
    <STD_Separatore>
      <SeparatoreCarattere>-</SeparatoreCarattere>
    </STD_Separatore>
    <STD_Testo>
      <Testo><![CDATA[Modifica questo testo]]></Testo>
    </STD_Testo>
  </CATEGORIA_immagini>
  <CATEGORIA_generica nome="Default">
    <STD_NumerazioneSequenziale>
      <NumerazioneStile>1</NumerazioneStile>
    </STD_NumerazioneSequenziale>
    <STD_Separatore />
    <STD_Testo>
      <Testo>Modifica questo testo</Testo>
    </STD_Testo>
  </CATEGORIA_generica>
  <CATEGORIA_serietv nome="Filtro speciale standard">
    <AR_Numerazione>
      <NumerazioneStile>5</NumerazioneStile>
      <NumerazionePrefisso>()</NumerazionePrefisso>
    </AR_Numerazione>
    <STD_Separatore>
      <SeparatoreCarattere>-</SeparatoreCarattere>
    </STD_Separatore>
    <AR_TitoloSerieTv />
    <STD_Separatore />
    <AR_TitoloEpisodio />
  </CATEGORIA_serietv>
  <CATEGORIA_serietv nome="The TVDB standard">
    <AR_Numerazione>
      <NumerazioneStile>5</NumerazioneStile>
    </AR_Numerazione>
    <STD_Separatore>
      <SeparatoreCarattere>-</SeparatoreCarattere>
    </STD_Separatore>
    <TVDB_TitoloSerieTv />
    <STD_Separatore />
    <TVDB_TitoloEpisodio />
  </CATEGORIA_serietv>
  <CATEGORIA_serietv nome="Nuova numerazione con testo da elenco sequenziale">
    <STD_NumerazioneSequenziale />
    <STD_Separatore>
      <SeparatoreCarattere>-</SeparatoreCarattere>
    </STD_Separatore>
    <STD_ElencoSequenziale />
  </CATEGORIA_serietv>
  <CATEGORIA_video nome="Nome filtrato (con anno rimosso)">
    <AR_NomeDelFile />
    <AR_Anno>
      <RemoveInsteadInsert>True</RemoveInsteadInsert>
    </AR_Anno>
  </CATEGORIA_video>
  <CATEGORIA_video nome="Nome filtrato con durata">
    <AR_NomeDelFile />
    <STD_Testo>
      <Testo> ( Durata </Testo>
    </STD_Testo>
    <MI_Durata>
      <FormatoDurataStile>%Hh %Mm</FormatoDurataStile>
    </MI_Durata>
    <STD_Testo>
      <Testo><![CDATA[ )]]></Testo>
    </STD_Testo>
  </CATEGORIA_video>
  <CATEGORIA_audio nome="Tag Numero traccia + Tag Titolo album + Tag Titolo traccia">
    <MI_AudioTagNumero>
      <NumerazioneStile>1</NumerazioneStile>
    </MI_AudioTagNumero>
    <STD_Separatore />
    <MI_AudioTagAlbum />
    <STD_Separatore />
    <MI_AudioTagTitolo />
  </CATEGORIA_audio>
  <CATEGORIA_audio nome="Tag Numero traccia + Tag Artista + Tag Titolo traccia + Tag Titolo album">
    <MI_AudioTagNumero>
      <NumerazioneStile>1</NumerazioneStile>
    </MI_AudioTagNumero>
    <STD_Separatore />
    <MI_AudioTagArtista />
    <STD_Separatore />
    <MI_AudioTagTitolo />
    <STD_Separatore />
    <MI_AudioTagAlbum />
  </CATEGORIA_audio>
  <CATEGORIA_audio nome="Filtro Numerazione + Tag Titolo album + Tag Titolo traccia">
    <AR_Numerazione>
      <NumerazioneStile>1</NumerazioneStile>
    </AR_Numerazione>
    <STD_Separatore />
    <MI_AudioTagAlbum />
    <STD_Separatore />
    <MI_AudioTagTitolo />
  </CATEGORIA_audio>
  <CATEGORIA_immagini nome="Filtro numerazione + Testo + Dimensione immagine">
    <AR_Numerazione>
      <NumerazioneStile>1</NumerazioneStile>
    </AR_Numerazione>
    <STD_Separatore>
      <SeparatoreCarattere>-</SeparatoreCarattere>
    </STD_Separatore>
    <STD_Testo>
      <Testo><![CDATA[Le mie foto]]></Testo>
    </STD_Testo>
    <STD_Testo>
      <Testo> ( </Testo>
    </STD_Testo>
    <II_Dimensione>
      <UnitMeasureRounded>True</UnitMeasureRounded>
      <UnitMeasure>PX</UnitMeasure>
      <SizeStyle>%Wx%H pixel</SizeStyle>
    </II_Dimensione>
    <STD_Testo>
      <Testo><![CDATA[ )]]></Testo>
    </STD_Testo>
  </CATEGORIA_immagini>
  <CATEGORIA_immagini nome="Filtro numerazione + Testo + &quot;Scattato il&quot; + Data modifica">
    <AR_Numerazione>
      <NumerazioneStile>1</NumerazioneStile>
    </AR_Numerazione>
    <STD_Separatore>
      <SeparatoreCarattere>-</SeparatoreCarattere>
    </STD_Separatore>
    <STD_Testo>
      <Testo><![CDATA[Modifica questo testo]]></Testo>
    </STD_Testo>
    <STD_Testo>
      <Testo> (scattato il </Testo>
    </STD_Testo>
    <PF_DataUltimaModifica />
    <STD_Testo>
      <Testo>)</Testo>
    </STD_Testo>
  </CATEGORIA_immagini>
  <CATEGORIA_immagini nome="Filtro numerazione + Testo">
    <AR_Numerazione>
      <NumerazioneStile>1</NumerazioneStile>
    </AR_Numerazione>
    <STD_Separatore>
      <SeparatoreCarattere>-</SeparatoreCarattere>
    </STD_Separatore>
    <STD_Testo>
      <Testo><![CDATA[Modifica questo testo]]></Testo>
    </STD_Testo>
  </CATEGORIA_immagini>
  <CATEGORIA_generica nome="Nuova numerazione + Testo">
    <STD_NumerazioneSequenziale>
      <NumerazioneStile>1</NumerazioneStile>
    </STD_NumerazioneSequenziale>
    <STD_Separatore />
    <STD_Testo>
      <Testo>Modifica questo testo</Testo>
    </STD_Testo>
  </CATEGORIA_generica>
  <CATEGORIA_generica nome="Nuova numerazione + Testo da elenco sequenziale">
    <STD_NumerazioneSequenziale>
      <NumerazioneStile>1</NumerazioneStile>
    </STD_NumerazioneSequenziale>
    <STD_Separatore />
    <STD_ElencoSequenziale />
  </CATEGORIA_generica>
  <CATEGORIA_generica nome="Utilizzo del filtro per numerazione e nome del file">
    <AR_Numerazione>
      <NumerazioneStile>1</NumerazioneStile>
    </AR_Numerazione>
    <STD_Separatore />
    <AR_NomeDelFile />
  </CATEGORIA_generica>
</strutture>